<?xml version="1.0" encoding="UTF-8"?>
<Configuration status="WARN">
	<Properties>
		<Property name="log-path">logs</Property>
	</Properties>
	<Appenders>
		<Console name="console-log" target="SYSTEM_OUT">
			<PatternLayout pattern="%d{ISO8601} %-5p %C.%M():%L: %m%n" />
		</Console>
		<RollingFile name="info-log" fileName="${log-path}/application.log"
			filePattern="${log-path}/trace-%d{yyyy-MM-dd}.log">
			<PatternLayout>
				<pattern>%d{ISO8601} %-5p %C.%M():%L: %m%n</pattern>
			</PatternLayout>
			<Policies>
				<TimeBasedTriggeringPolicy interval="1" modulate="true" />
			</Policies>
		</RollingFile>
	</Appenders>
	<Loggers>
		<Root level="info" additivity="false">
			<appender-ref ref="info-log" />
			<appender-ref ref="console-log" />
		</Root>
	</Loggers>
</Configuration>